﻿{"frames": {

"ryx_intro0000":
{
	"frame": {"x":1638,"y":451,"w":546,"h":363},
	"rotated": false,
	"trimmed": true,
	"spriteSourceSize": {"x":0,"y":99,"w":546,"h":462},
	"sourceSize": {"w":546,"h":462}
},
"ryx_intro0001":
{
	"frame": {"x":1638,"y":451,"w":546,"h":363},
	"rotated": false,
	"trimmed": true,
	"spriteSourceSize": {"x":0,"y":99,"w":546,"h":462},
	"sourceSize": {"w":546,"h":462}
},
"ryx_intro0002":
{
	"frame": {"x":1638,"y":451,"w":546,"h":363},
	"rotated": false,
	"trimmed": true,
	"spriteSourceSize": {"x":0,"y":99,"w":546,"h":462},
	"sourceSize": {"w":546,"h":462}
},
"ryx_intro0003":
{
	"frame": {"x":1638,"y":451,"w":546,"h":363},
	"rotated": false,
	"trimmed": true,
	"spriteSourceSize": {"x":0,"y":99,"w":546,"h":462},
	"sourceSize": {"w":546,"h":462}
},
"ryx_intro0004":
{
	"frame": {"x":1638,"y":451,"w":546,"h":363},
	"rotated": false,
	"trimmed": true,
	"spriteSourceSize": {"x":0,"y":99,"w":546,"h":462},
	"sourceSize": {"w":546,"h":462}
},
"ryx_intro0005":
{
	"frame": {"x":1638,"y":451,"w":546,"h":363},
	"rotated": false,
	"trimmed": true,
	"spriteSourceSize": {"x":0,"y":99,"w":546,"h":462},
	"sourceSize": {"w":546,"h":462}
},
"ryx_intro0006":
{
	"frame": {"x":1638,"y":451,"w":546,"h":363},
	"rotated": false,
	"trimmed": true,
	"spriteSourceSize": {"x":0,"y":99,"w":546,"h":462},
	"sourceSize": {"w":546,"h":462}
},
"ryx_intro0007":
{
	"frame": {"x":1638,"y":451,"w":546,"h":363},
	"rotated": false,
	"trimmed": true,
	"spriteSourceSize": {"x":0,"y":99,"w":546,"h":462},
	"sourceSize": {"w":546,"h":462}
},
"ryx_intro0008":
{
	"frame": {"x":1638,"y":451,"w":546,"h":363},
	"rotated": false,
	"trimmed": true,
	"spriteSourceSize": {"x":0,"y":99,"w":546,"h":462},
	"sourceSize": {"w":546,"h":462}
},
"ryx_intro0009":
{
	"frame": {"x":1638,"y":451,"w":546,"h":363},
	"rotated": false,
	"trimmed": true,
	"spriteSourceSize": {"x":0,"y":99,"w":546,"h":462},
	"sourceSize": {"w":546,"h":462}
},
"ryx_intro0010":
{
	"frame": {"x":1638,"y":451,"w":546,"h":363},
	"rotated": false,
	"trimmed": true,
	"spriteSourceSize": {"x":0,"y":99,"w":546,"h":462},
	"sourceSize": {"w":546,"h":462}
},
"ryx_intro0011":
{
	"frame": {"x":1638,"y":451,"w":546,"h":363},
	"rotated": false,
	"trimmed": true,
	"spriteSourceSize": {"x":0,"y":99,"w":546,"h":462},
	"sourceSize": {"w":546,"h":462}
},
"ryx_intro0012":
{
	"frame": {"x":1638,"y":451,"w":546,"h":363},
	"rotated": false,
	"trimmed": true,
	"spriteSourceSize": {"x":0,"y":99,"w":546,"h":462},
	"sourceSize": {"w":546,"h":462}
},
"ryx_intro0013":
{
	"frame": {"x":1638,"y":451,"w":546,"h":363},
	"rotated": false,
	"trimmed": true,
	"spriteSourceSize": {"x":0,"y":99,"w":546,"h":462},
	"sourceSize": {"w":546,"h":462}
},
"ryx_intro0014":
{
	"frame": {"x":1638,"y":451,"w":546,"h":363},
	"rotated": false,
	"trimmed": true,
	"spriteSourceSize": {"x":0,"y":99,"w":546,"h":462},
	"sourceSize": {"w":546,"h":462}
},
"ryx_intro0015":
{
	"frame": {"x":1638,"y":451,"w":546,"h":363},
	"rotated": false,
	"trimmed": true,
	"spriteSourceSize": {"x":0,"y":99,"w":546,"h":462},
	"sourceSize": {"w":546,"h":462}
},
"ryx_intro0016":
{
	"frame": {"x":1638,"y":451,"w":546,"h":363},
	"rotated": false,
	"trimmed": true,
	"spriteSourceSize": {"x":0,"y":99,"w":546,"h":462},
	"sourceSize": {"w":546,"h":462}
},
"ryx_intro0017":
{
	"frame": {"x":1638,"y":451,"w":546,"h":363},
	"rotated": false,
	"trimmed": true,
	"spriteSourceSize": {"x":0,"y":99,"w":546,"h":462},
	"sourceSize": {"w":546,"h":462}
},
"ryx_intro0018":
{
	"frame": {"x":0,"y":0,"w":546,"h":462},
	"rotated": false,
	"trimmed": false,
	"spriteSourceSize": {"x":0,"y":0,"w":546,"h":462},
	"sourceSize": {"w":546,"h":462}
},
"ryx_intro0019":
{
	"frame": {"x":0,"y":0,"w":546,"h":462},
	"rotated": false,
	"trimmed": false,
	"spriteSourceSize": {"x":0,"y":1,"w":546,"h":462},
	"sourceSize": {"w":546,"h":462}
},
"ryx_intro0020":
{
	"frame": {"x":546,"y":0,"w":546,"h":459},
	"rotated": false,
	"trimmed": true,
	"spriteSourceSize": {"x":0,"y":3,"w":546,"h":462},
	"sourceSize": {"w":546,"h":462}
},
"ryx_intro0021":
{
	"frame": {"x":1092,"y":0,"w":546,"h":456},
	"rotated": false,
	"trimmed": true,
	"spriteSourceSize": {"x":0,"y":6,"w":546,"h":462},
	"sourceSize": {"w":546,"h":462}
},
"ryx_intro0022":
{
	"frame": {"x":1638,"y":0,"w":546,"h":451},
	"rotated": false,
	"trimmed": true,
	"spriteSourceSize": {"x":0,"y":11,"w":546,"h":462},
	"sourceSize": {"w":546,"h":462}
},
"ryx_intro0023":
{
	"frame": {"x":2184,"y":0,"w":546,"h":444},
	"rotated": false,
	"trimmed": true,
	"spriteSourceSize": {"x":0,"y":18,"w":546,"h":462},
	"sourceSize": {"w":546,"h":462}
},
"ryx_intro0024":
{
	"frame": {"x":2730,"y":0,"w":546,"h":435},
	"rotated": false,
	"trimmed": true,
	"spriteSourceSize": {"x":0,"y":27,"w":546,"h":462},
	"sourceSize": {"w":546,"h":462}
},
"ryx_intro0025":
{
	"frame": {"x":3276,"y":0,"w":546,"h":424},
	"rotated": false,
	"trimmed": true,
	"spriteSourceSize": {"x":0,"y":38,"w":546,"h":462},
	"sourceSize": {"w":546,"h":462}
},
"ryx_intro0026":
{
	"frame": {"x":3276,"y":424,"w":546,"h":410},
	"rotated": false,
	"trimmed": true,
	"spriteSourceSize": {"x":0,"y":52,"w":546,"h":462},
	"sourceSize": {"w":546,"h":462}
},
"ryx_intro0027":
{
	"frame": {"x":2730,"y":435,"w":546,"h":393},
	"rotated": false,
	"trimmed": true,
	"spriteSourceSize": {"x":0,"y":69,"w":546,"h":462},
	"sourceSize": {"w":546,"h":462}
},
"ryx_intro0028":
{
	"frame": {"x":2184,"y":444,"w":546,"h":373},
	"rotated": false,
	"trimmed": true,
	"spriteSourceSize": {"x":0,"y":89,"w":546,"h":462},
	"sourceSize": {"w":546,"h":462}
},
"ryx_intro0029":
{
	"frame": {"x":1092,"y":456,"w":546,"h":363},
	"rotated": false,
	"trimmed": true,
	"spriteSourceSize": {"x":0,"y":99,"w":546,"h":462},
	"sourceSize": {"w":546,"h":462}
},
"ryx_intro0030":
{
	"frame": {"x":546,"y":459,"w":546,"h":363},
	"rotated": false,
	"trimmed": true,
	"spriteSourceSize": {"x":0,"y":99,"w":546,"h":462},
	"sourceSize": {"w":546,"h":462}
},
"ryx_intro0031":
{
	"frame": {"x":0,"y":462,"w":546,"h":363},
	"rotated": false,
	"trimmed": true,
	"spriteSourceSize": {"x":0,"y":99,"w":546,"h":462},
	"sourceSize": {"w":546,"h":462}
},
"ryx_intro0032":
{
	"frame": {"x":1638,"y":814,"w":546,"h":363},
	"rotated": false,
	"trimmed": true,
	"spriteSourceSize": {"x":0,"y":99,"w":546,"h":462},
	"sourceSize": {"w":546,"h":462}
},
"ryx_intro0033":
{
	"frame": {"x":2184,"y":817,"w":546,"h":363},
	"rotated": false,
	"trimmed": true,
	"spriteSourceSize": {"x":0,"y":99,"w":546,"h":462},
	"sourceSize": {"w":546,"h":462}
},
"ryx_intro0034":
{
	"frame": {"x":1092,"y":819,"w":546,"h":363},
	"rotated": false,
	"trimmed": true,
	"spriteSourceSize": {"x":0,"y":99,"w":546,"h":462},
	"sourceSize": {"w":546,"h":462}
},
"ryx_intro0035":
{
	"frame": {"x":546,"y":822,"w":546,"h":363},
	"rotated": false,
	"trimmed": true,
	"spriteSourceSize": {"x":0,"y":99,"w":546,"h":462},
	"sourceSize": {"w":546,"h":462}
},
"ryx_intro0036":
{
	"frame": {"x":0,"y":825,"w":546,"h":363},
	"rotated": false,
	"trimmed": true,
	"spriteSourceSize": {"x":0,"y":99,"w":546,"h":462},
	"sourceSize": {"w":546,"h":462}
},
"ryx_intro0037":
{
	"frame": {"x":2730,"y":828,"w":546,"h":363},
	"rotated": false,
	"trimmed": true,
	"spriteSourceSize": {"x":0,"y":99,"w":546,"h":462},
	"sourceSize": {"w":546,"h":462}
},
"ryx_intro0038":
{
	"frame": {"x":3276,"y":834,"w":546,"h":363},
	"rotated": false,
	"trimmed": true,
	"spriteSourceSize": {"x":0,"y":99,"w":546,"h":462},
	"sourceSize": {"w":546,"h":462}
},
"ryx_intro0039":
{
	"frame": {"x":1638,"y":1177,"w":546,"h":363},
	"rotated": false,
	"trimmed": true,
	"spriteSourceSize": {"x":0,"y":99,"w":546,"h":462},
	"sourceSize": {"w":546,"h":462}
},
"ryx_intro0040":
{
	"frame": {"x":2184,"y":1180,"w":546,"h":363},
	"rotated": false,
	"trimmed": true,
	"spriteSourceSize": {"x":0,"y":99,"w":546,"h":462},
	"sourceSize": {"w":546,"h":462}
},
"ryx_intro0041":
{
	"frame": {"x":1092,"y":1182,"w":546,"h":363},
	"rotated": false,
	"trimmed": true,
	"spriteSourceSize": {"x":0,"y":99,"w":546,"h":462},
	"sourceSize": {"w":546,"h":462}
},
"ryx_intro0042":
{
	"frame": {"x":546,"y":1185,"w":546,"h":363},
	"rotated": false,
	"trimmed": true,
	"spriteSourceSize": {"x":0,"y":99,"w":546,"h":462},
	"sourceSize": {"w":546,"h":462}
},
"ryx_intro0043":
{
	"frame": {"x":0,"y":1188,"w":546,"h":363},
	"rotated": false,
	"trimmed": true,
	"spriteSourceSize": {"x":0,"y":99,"w":546,"h":462},
	"sourceSize": {"w":546,"h":462}
},
"ryx_intro0044":
{
	"frame": {"x":2730,"y":1191,"w":546,"h":363},
	"rotated": false,
	"trimmed": true,
	"spriteSourceSize": {"x":0,"y":99,"w":546,"h":462},
	"sourceSize": {"w":546,"h":462}
},
"ryx_intro0045":
{
	"frame": {"x":3276,"y":1197,"w":546,"h":363},
	"rotated": false,
	"trimmed": true,
	"spriteSourceSize": {"x":0,"y":99,"w":546,"h":462},
	"sourceSize": {"w":546,"h":462}
},
"ryx_intro0046":
{
	"frame": {"x":1638,"y":1540,"w":546,"h":363},
	"rotated": false,
	"trimmed": true,
	"spriteSourceSize": {"x":0,"y":99,"w":546,"h":462},
	"sourceSize": {"w":546,"h":462}
},
"ryx_intro0047":
{
	"frame": {"x":2184,"y":1543,"w":546,"h":363},
	"rotated": false,
	"trimmed": true,
	"spriteSourceSize": {"x":0,"y":99,"w":546,"h":462},
	"sourceSize": {"w":546,"h":462}
},
"ryx_intro0048":
{
	"frame": {"x":1638,"y":451,"w":546,"h":363},
	"rotated": false,
	"trimmed": true,
	"spriteSourceSize": {"x":0,"y":99,"w":546,"h":462},
	"sourceSize": {"w":546,"h":462}
},
"ryx_intro0049":
{
	"frame": {"x":1092,"y":1545,"w":546,"h":363},
	"rotated": false,
	"trimmed": true,
	"spriteSourceSize": {"x":0,"y":99,"w":546,"h":462},
	"sourceSize": {"w":546,"h":462}
},
"ryx_intro0050":
{
	"frame": {"x":1638,"y":451,"w":546,"h":363},
	"rotated": false,
	"trimmed": true,
	"spriteSourceSize": {"x":0,"y":99,"w":546,"h":462},
	"sourceSize": {"w":546,"h":462}
},
"ryx_intro0051":
{
	"frame": {"x":546,"y":1548,"w":546,"h":363},
	"rotated": false,
	"trimmed": true,
	"spriteSourceSize": {"x":0,"y":99,"w":546,"h":462},
	"sourceSize": {"w":546,"h":462}
},
"ryx_intro0052":
{
	"frame": {"x":0,"y":1551,"w":546,"h":363},
	"rotated": false,
	"trimmed": true,
	"spriteSourceSize": {"x":0,"y":99,"w":546,"h":462},
	"sourceSize": {"w":546,"h":462}
},
"ryx_intro0053":
{
	"frame": {"x":2730,"y":1554,"w":546,"h":363},
	"rotated": false,
	"trimmed": true,
	"spriteSourceSize": {"x":0,"y":99,"w":546,"h":462},
	"sourceSize": {"w":546,"h":462}
},
"ryx_intro0054":
{
	"frame": {"x":3276,"y":1560,"w":546,"h":363},
	"rotated": false,
	"trimmed": true,
	"spriteSourceSize": {"x":0,"y":99,"w":546,"h":462},
	"sourceSize": {"w":546,"h":462}
},
"ryx_intro0055":
{
	"frame": {"x":1638,"y":1903,"w":546,"h":363},
	"rotated": false,
	"trimmed": true,
	"spriteSourceSize": {"x":0,"y":99,"w":546,"h":462},
	"sourceSize": {"w":546,"h":462}
},
"ryx_intro0056":
{
	"frame": {"x":2184,"y":1906,"w":546,"h":363},
	"rotated": false,
	"trimmed": true,
	"spriteSourceSize": {"x":0,"y":99,"w":546,"h":462},
	"sourceSize": {"w":546,"h":462}
},
"ryx_intro0057":
{
	"frame": {"x":1092,"y":1908,"w":546,"h":363},
	"rotated": false,
	"trimmed": true,
	"spriteSourceSize": {"x":0,"y":99,"w":546,"h":462},
	"sourceSize": {"w":546,"h":462}
},
"ryx_intro0058":
{
	"frame": {"x":546,"y":1911,"w":546,"h":363},
	"rotated": false,
	"trimmed": true,
	"spriteSourceSize": {"x":0,"y":99,"w":546,"h":462},
	"sourceSize": {"w":546,"h":462}
},
"ryx_intro0059":
{
	"frame": {"x":0,"y":1914,"w":546,"h":363},
	"rotated": false,
	"trimmed": true,
	"spriteSourceSize": {"x":0,"y":99,"w":546,"h":462},
	"sourceSize": {"w":546,"h":462}
},
"ryx_intro0060":
{
	"frame": {"x":2730,"y":1917,"w":546,"h":363},
	"rotated": false,
	"trimmed": true,
	"spriteSourceSize": {"x":0,"y":99,"w":546,"h":462},
	"sourceSize": {"w":546,"h":462}
},
"ryx_intro0061":
{
	"frame": {"x":3276,"y":1923,"w":546,"h":363},
	"rotated": false,
	"trimmed": true,
	"spriteSourceSize": {"x":0,"y":99,"w":546,"h":462},
	"sourceSize": {"w":546,"h":462}
},
"ryx_intro0062":
{
	"frame": {"x":1638,"y":2266,"w":546,"h":363},
	"rotated": false,
	"trimmed": true,
	"spriteSourceSize": {"x":0,"y":99,"w":546,"h":462},
	"sourceSize": {"w":546,"h":462}
},
"ryx_intro0063":
{
	"frame": {"x":2184,"y":2269,"w":546,"h":363},
	"rotated": false,
	"trimmed": true,
	"spriteSourceSize": {"x":0,"y":99,"w":546,"h":462},
	"sourceSize": {"w":546,"h":462}
},
"ryx_intro0064":
{
	"frame": {"x":1092,"y":2271,"w":546,"h":363},
	"rotated": false,
	"trimmed": true,
	"spriteSourceSize": {"x":0,"y":99,"w":546,"h":462},
	"sourceSize": {"w":546,"h":462}
},
"ryx_intro0065":
{
	"frame": {"x":546,"y":2274,"w":546,"h":363},
	"rotated": false,
	"trimmed": true,
	"spriteSourceSize": {"x":0,"y":99,"w":546,"h":462},
	"sourceSize": {"w":546,"h":462}
},
"ryx_intro0066":
{
	"frame": {"x":0,"y":2277,"w":546,"h":363},
	"rotated": false,
	"trimmed": true,
	"spriteSourceSize": {"x":0,"y":99,"w":546,"h":462},
	"sourceSize": {"w":546,"h":462}
},
"ryx_intro0067":
{
	"frame": {"x":2730,"y":2280,"w":546,"h":363},
	"rotated": false,
	"trimmed": true,
	"spriteSourceSize": {"x":0,"y":99,"w":546,"h":462},
	"sourceSize": {"w":546,"h":462}
},
"ryx_intro0068":
{
	"frame": {"x":2730,"y":2280,"w":546,"h":363},
	"rotated": false,
	"trimmed": true,
	"spriteSourceSize": {"x":0,"y":99,"w":546,"h":462},
	"sourceSize": {"w":546,"h":462}
},
"ryx_intro0069":
{
	"frame": {"x":3276,"y":2286,"w":546,"h":363},
	"rotated": false,
	"trimmed": true,
	"spriteSourceSize": {"x":0,"y":99,"w":546,"h":462},
	"sourceSize": {"w":546,"h":462}
},
"ryx_intro0070":
{
	"frame": {"x":1638,"y":2629,"w":546,"h":363},
	"rotated": false,
	"trimmed": true,
	"spriteSourceSize": {"x":0,"y":99,"w":546,"h":462},
	"sourceSize": {"w":546,"h":462}
},
"ryx_intro0071":
{
	"frame": {"x":2184,"y":2632,"w":546,"h":363},
	"rotated": false,
	"trimmed": true,
	"spriteSourceSize": {"x":0,"y":99,"w":546,"h":462},
	"sourceSize": {"w":546,"h":462}
},
"ryx_intro0072":
{
	"frame": {"x":1092,"y":2634,"w":546,"h":363},
	"rotated": false,
	"trimmed": true,
	"spriteSourceSize": {"x":0,"y":99,"w":546,"h":462},
	"sourceSize": {"w":546,"h":462}
},
"ryx_intro0073":
{
	"frame": {"x":546,"y":2637,"w":546,"h":363},
	"rotated": false,
	"trimmed": true,
	"spriteSourceSize": {"x":0,"y":99,"w":546,"h":462},
	"sourceSize": {"w":546,"h":462}
},
"ryx_intro0074":
{
	"frame": {"x":0,"y":2640,"w":546,"h":363},
	"rotated": false,
	"trimmed": true,
	"spriteSourceSize": {"x":0,"y":99,"w":546,"h":462},
	"sourceSize": {"w":546,"h":462}
},
"ryx_intro0075":
{
	"frame": {"x":2730,"y":2643,"w":546,"h":363},
	"rotated": false,
	"trimmed": true,
	"spriteSourceSize": {"x":0,"y":99,"w":546,"h":462},
	"sourceSize": {"w":546,"h":462}
},
"ryx_intro0076":
{
	"frame": {"x":3276,"y":2649,"w":546,"h":363},
	"rotated": false,
	"trimmed": true,
	"spriteSourceSize": {"x":0,"y":99,"w":546,"h":462},
	"sourceSize": {"w":546,"h":462}
},
"ryx_intro0077":
{
	"frame": {"x":1638,"y":2992,"w":546,"h":363},
	"rotated": false,
	"trimmed": true,
	"spriteSourceSize": {"x":0,"y":99,"w":546,"h":462},
	"sourceSize": {"w":546,"h":462}
},
"ryx_intro0078":
{
	"frame": {"x":2184,"y":2995,"w":546,"h":363},
	"rotated": false,
	"trimmed": true,
	"spriteSourceSize": {"x":0,"y":99,"w":546,"h":462},
	"sourceSize": {"w":546,"h":462}
},
"ryx_intro0079":
{
	"frame": {"x":1092,"y":2997,"w":546,"h":363},
	"rotated": false,
	"trimmed": true,
	"spriteSourceSize": {"x":0,"y":99,"w":546,"h":462},
	"sourceSize": {"w":546,"h":462}
},
"ryx_intro0080":
{
	"frame": {"x":546,"y":3000,"w":546,"h":363},
	"rotated": false,
	"trimmed": true,
	"spriteSourceSize": {"x":0,"y":99,"w":546,"h":462},
	"sourceSize": {"w":546,"h":462}
},
"ryx_intro0081":
{
	"frame": {"x":0,"y":3003,"w":546,"h":363},
	"rotated": false,
	"trimmed": true,
	"spriteSourceSize": {"x":0,"y":99,"w":546,"h":462},
	"sourceSize": {"w":546,"h":462}
},
"ryx_intro0082":
{
	"frame": {"x":0,"y":3003,"w":546,"h":363},
	"rotated": false,
	"trimmed": true,
	"spriteSourceSize": {"x":0,"y":99,"w":546,"h":462},
	"sourceSize": {"w":546,"h":462}
},
"ryx_intro0083":
{
	"frame": {"x":2730,"y":3006,"w":546,"h":363},
	"rotated": false,
	"trimmed": true,
	"spriteSourceSize": {"x":0,"y":99,"w":546,"h":462},
	"sourceSize": {"w":546,"h":462}
},
"ryx_intro0084":
{
	"frame": {"x":3276,"y":3012,"w":546,"h":363},
	"rotated": false,
	"trimmed": true,
	"spriteSourceSize": {"x":0,"y":99,"w":546,"h":462},
	"sourceSize": {"w":546,"h":462}
},
"ryx_intro0085":
{
	"frame": {"x":1638,"y":3355,"w":546,"h":363},
	"rotated": false,
	"trimmed": true,
	"spriteSourceSize": {"x":0,"y":99,"w":546,"h":462},
	"sourceSize": {"w":546,"h":462}
},
"ryx_intro0086":
{
	"frame": {"x":2184,"y":3358,"w":546,"h":363},
	"rotated": false,
	"trimmed": true,
	"spriteSourceSize": {"x":0,"y":99,"w":546,"h":462},
	"sourceSize": {"w":546,"h":462}
},
"ryx_intro0087":
{
	"frame": {"x":1092,"y":3360,"w":546,"h":363},
	"rotated": false,
	"trimmed": true,
	"spriteSourceSize": {"x":0,"y":99,"w":546,"h":462},
	"sourceSize": {"w":546,"h":462}
},
"ryx_intro0088":
{
	"frame": {"x":546,"y":3363,"w":546,"h":363},
	"rotated": false,
	"trimmed": true,
	"spriteSourceSize": {"x":0,"y":99,"w":546,"h":462},
	"sourceSize": {"w":546,"h":462}
},
"ryx_intro0089":
{
	"frame": {"x":0,"y":3366,"w":546,"h":363},
	"rotated": false,
	"trimmed": true,
	"spriteSourceSize": {"x":0,"y":99,"w":546,"h":462},
	"sourceSize": {"w":546,"h":462}
},
"ryx_intro0090":
{
	"frame": {"x":0,"y":3366,"w":546,"h":363},
	"rotated": false,
	"trimmed": true,
	"spriteSourceSize": {"x":0,"y":99,"w":546,"h":462},
	"sourceSize": {"w":546,"h":462}
},
"ryx_intro0091":
{
	"frame": {"x":0,"y":3366,"w":546,"h":363},
	"rotated": false,
	"trimmed": true,
	"spriteSourceSize": {"x":0,"y":99,"w":546,"h":462},
	"sourceSize": {"w":546,"h":462}
},
"ryx_intro0092":
{
	"frame": {"x":0,"y":3366,"w":546,"h":363},
	"rotated": false,
	"trimmed": true,
	"spriteSourceSize": {"x":0,"y":99,"w":546,"h":462},
	"sourceSize": {"w":546,"h":462}
},
"ryx_intro0093":
{
	"frame": {"x":0,"y":3366,"w":546,"h":363},
	"rotated": false,
	"trimmed": true,
	"spriteSourceSize": {"x":0,"y":99,"w":546,"h":462},
	"sourceSize": {"w":546,"h":462}
},
"ryx_intro0094":
{
	"frame": {"x":0,"y":3366,"w":546,"h":363},
	"rotated": false,
	"trimmed": true,
	"spriteSourceSize": {"x":0,"y":99,"w":546,"h":462},
	"sourceSize": {"w":546,"h":462}
},
"ryx_intro0095":
{
	"frame": {"x":0,"y":3366,"w":546,"h":363},
	"rotated": false,
	"trimmed": true,
	"spriteSourceSize": {"x":0,"y":99,"w":546,"h":462},
	"sourceSize": {"w":546,"h":462}
},
"ryx_intro0096":
{
	"frame": {"x":0,"y":3366,"w":546,"h":363},
	"rotated": false,
	"trimmed": true,
	"spriteSourceSize": {"x":0,"y":99,"w":546,"h":462},
	"sourceSize": {"w":546,"h":462}
},
"ryx_intro0097":
{
	"frame": {"x":0,"y":3366,"w":546,"h":363},
	"rotated": false,
	"trimmed": true,
	"spriteSourceSize": {"x":0,"y":99,"w":546,"h":462},
	"sourceSize": {"w":546,"h":462}
},
"ryx_intro0098":
{
	"frame": {"x":0,"y":3366,"w":546,"h":363},
	"rotated": false,
	"trimmed": true,
	"spriteSourceSize": {"x":0,"y":99,"w":546,"h":462},
	"sourceSize": {"w":546,"h":462}
},
"ryx_intro0099":
{
	"frame": {"x":0,"y":3366,"w":546,"h":363},
	"rotated": false,
	"trimmed": true,
	"spriteSourceSize": {"x":0,"y":99,"w":546,"h":462},
	"sourceSize": {"w":546,"h":462}
},
"ryx_intro0100":
{
	"frame": {"x":0,"y":3366,"w":546,"h":363},
	"rotated": false,
	"trimmed": true,
	"spriteSourceSize": {"x":0,"y":99,"w":546,"h":462},
	"sourceSize": {"w":546,"h":462}
},
"ryx_intro0101":
{
	"frame": {"x":0,"y":3366,"w":546,"h":363},
	"rotated": false,
	"trimmed": true,
	"spriteSourceSize": {"x":0,"y":99,"w":546,"h":462},
	"sourceSize": {"w":546,"h":462}
},
"ryx_intro0102":
{
	"frame": {"x":0,"y":3366,"w":546,"h":363},
	"rotated": false,
	"trimmed": true,
	"spriteSourceSize": {"x":0,"y":99,"w":546,"h":462},
	"sourceSize": {"w":546,"h":462}
},
"ryx_intro0103":
{
	"frame": {"x":0,"y":3366,"w":546,"h":363},
	"rotated": false,
	"trimmed": true,
	"spriteSourceSize": {"x":0,"y":99,"w":546,"h":462},
	"sourceSize": {"w":546,"h":462}
},
"ryx_intro0104":
{
	"frame": {"x":0,"y":3366,"w":546,"h":363},
	"rotated": false,
	"trimmed": true,
	"spriteSourceSize": {"x":0,"y":99,"w":546,"h":462},
	"sourceSize": {"w":546,"h":462}
},
"ryx_intro0105":
{
	"frame": {"x":0,"y":3366,"w":546,"h":363},
	"rotated": false,
	"trimmed": true,
	"spriteSourceSize": {"x":0,"y":99,"w":546,"h":462},
	"sourceSize": {"w":546,"h":462}
},
"ryx_intro0106":
{
	"frame": {"x":0,"y":3366,"w":546,"h":363},
	"rotated": false,
	"trimmed": true,
	"spriteSourceSize": {"x":0,"y":99,"w":546,"h":462},
	"sourceSize": {"w":546,"h":462}
},
"ryx_intro0107":
{
	"frame": {"x":0,"y":3366,"w":546,"h":363},
	"rotated": false,
	"trimmed": true,
	"spriteSourceSize": {"x":0,"y":99,"w":546,"h":462},
	"sourceSize": {"w":546,"h":462}
},
"ryx_intro0108":
{
	"frame": {"x":0,"y":3366,"w":546,"h":363},
	"rotated": false,
	"trimmed": true,
	"spriteSourceSize": {"x":0,"y":99,"w":546,"h":462},
	"sourceSize": {"w":546,"h":462}
},
"ryx_intro0109":
{
	"frame": {"x":0,"y":3366,"w":546,"h":363},
	"rotated": false,
	"trimmed": true,
	"spriteSourceSize": {"x":0,"y":99,"w":546,"h":462},
	"sourceSize": {"w":546,"h":462}
},
"ryx_intro0110":
{
	"frame": {"x":0,"y":3366,"w":546,"h":363},
	"rotated": false,
	"trimmed": true,
	"spriteSourceSize": {"x":0,"y":99,"w":546,"h":462},
	"sourceSize": {"w":546,"h":462}
},
"ryx_intro0111":
{
	"frame": {"x":0,"y":3366,"w":546,"h":363},
	"rotated": false,
	"trimmed": true,
	"spriteSourceSize": {"x":0,"y":99,"w":546,"h":462},
	"sourceSize": {"w":546,"h":462}
},
"ryx_intro0112":
{
	"frame": {"x":0,"y":3366,"w":546,"h":363},
	"rotated": false,
	"trimmed": true,
	"spriteSourceSize": {"x":0,"y":99,"w":546,"h":462},
	"sourceSize": {"w":546,"h":462}
},
"ryx_intro0113":
{
	"frame": {"x":0,"y":3366,"w":546,"h":363},
	"rotated": false,
	"trimmed": true,
	"spriteSourceSize": {"x":0,"y":99,"w":546,"h":462},
	"sourceSize": {"w":546,"h":462}
},
"ryx_intro0114":
{
	"frame": {"x":0,"y":3366,"w":546,"h":363},
	"rotated": false,
	"trimmed": true,
	"spriteSourceSize": {"x":0,"y":99,"w":546,"h":462},
	"sourceSize": {"w":546,"h":462}
},
"ryx_intro0115":
{
	"frame": {"x":0,"y":3366,"w":546,"h":363},
	"rotated": false,
	"trimmed": true,
	"spriteSourceSize": {"x":0,"y":99,"w":546,"h":462},
	"sourceSize": {"w":546,"h":462}
},
"ryx_intro0116":
{
	"frame": {"x":0,"y":3366,"w":546,"h":363},
	"rotated": false,
	"trimmed": true,
	"spriteSourceSize": {"x":0,"y":99,"w":546,"h":462},
	"sourceSize": {"w":546,"h":462}
},
"ryx_intro0117":
{
	"frame": {"x":0,"y":3366,"w":546,"h":363},
	"rotated": false,
	"trimmed": true,
	"spriteSourceSize": {"x":0,"y":99,"w":546,"h":462},
	"sourceSize": {"w":546,"h":462}
},
"ryx_intro0118":
{
	"frame": {"x":0,"y":3366,"w":546,"h":363},
	"rotated": false,
	"trimmed": true,
	"spriteSourceSize": {"x":0,"y":99,"w":546,"h":462},
	"sourceSize": {"w":546,"h":462}
},
"ryx_intro0119":
{
	"frame": {"x":0,"y":3366,"w":546,"h":363},
	"rotated": false,
	"trimmed": true,
	"spriteSourceSize": {"x":0,"y":99,"w":546,"h":462},
	"sourceSize": {"w":546,"h":462}
},
"ryx_intro0120":
{
	"frame": {"x":0,"y":3366,"w":546,"h":363},
	"rotated": false,
	"trimmed": true,
	"spriteSourceSize": {"x":0,"y":99,"w":546,"h":462},
	"sourceSize": {"w":546,"h":462}
},
"ryx_intro0121":
{
	"frame": {"x":0,"y":3366,"w":546,"h":363},
	"rotated": false,
	"trimmed": true,
	"spriteSourceSize": {"x":0,"y":99,"w":546,"h":462},
	"sourceSize": {"w":546,"h":462}
},
"ryx_intro0122":
{
	"frame": {"x":0,"y":3366,"w":546,"h":363},
	"rotated": false,
	"trimmed": true,
	"spriteSourceSize": {"x":0,"y":99,"w":546,"h":462},
	"sourceSize": {"w":546,"h":462}
},
"ryx_intro0123":
{
	"frame": {"x":0,"y":3366,"w":546,"h":363},
	"rotated": false,
	"trimmed": true,
	"spriteSourceSize": {"x":0,"y":99,"w":546,"h":462},
	"sourceSize": {"w":546,"h":462}
},
"ryx_intro0124":
{
	"frame": {"x":0,"y":3366,"w":546,"h":363},
	"rotated": false,
	"trimmed": true,
	"spriteSourceSize": {"x":0,"y":99,"w":546,"h":462},
	"sourceSize": {"w":546,"h":462}
},
"ryx_intro0125":
{
	"frame": {"x":0,"y":3366,"w":546,"h":363},
	"rotated": false,
	"trimmed": true,
	"spriteSourceSize": {"x":0,"y":99,"w":546,"h":462},
	"sourceSize": {"w":546,"h":462}
},
"ryx_intro0126":
{
	"frame": {"x":0,"y":3366,"w":546,"h":363},
	"rotated": false,
	"trimmed": true,
	"spriteSourceSize": {"x":0,"y":99,"w":546,"h":462},
	"sourceSize": {"w":546,"h":462}
},
"ryx_intro0127":
{
	"frame": {"x":0,"y":3366,"w":546,"h":363},
	"rotated": false,
	"trimmed": true,
	"spriteSourceSize": {"x":0,"y":99,"w":546,"h":462},
	"sourceSize": {"w":546,"h":462}
},
"ryx_intro0128":
{
	"frame": {"x":0,"y":3366,"w":546,"h":363},
	"rotated": false,
	"trimmed": true,
	"spriteSourceSize": {"x":0,"y":99,"w":546,"h":462},
	"sourceSize": {"w":546,"h":462}
},
"ryx_intro0129":
{
	"frame": {"x":0,"y":3366,"w":546,"h":363},
	"rotated": false,
	"trimmed": true,
	"spriteSourceSize": {"x":0,"y":99,"w":546,"h":462},
	"sourceSize": {"w":546,"h":462}
}},
"animations":{
	"ryx_intro":[
				"ryx_intro0000",
				"ryx_intro0001",
				"ryx_intro0002",
				"ryx_intro0003",
				"ryx_intro0004",
				"ryx_intro0005",
				"ryx_intro0006",
				"ryx_intro0007",
				"ryx_intro0008",
				"ryx_intro0009",
				"ryx_intro0010",
				"ryx_intro0011",
				"ryx_intro0012",
				"ryx_intro0013",
				"ryx_intro0014",
				"ryx_intro0015",
				"ryx_intro0016",
				"ryx_intro0017",
				"ryx_intro0018",
				"ryx_intro0019",
				"ryx_intro0020",
				"ryx_intro0021",
				"ryx_intro0022",
				"ryx_intro0023",
				"ryx_intro0024",
				"ryx_intro0025",
				"ryx_intro0026",
				"ryx_intro0027",
				"ryx_intro0028",
				"ryx_intro0029",
				"ryx_intro0030",
				"ryx_intro0031",
				"ryx_intro0032",
				"ryx_intro0033",
				"ryx_intro0034",
				"ryx_intro0035",
				"ryx_intro0036",
				"ryx_intro0037",
				"ryx_intro0038",
				"ryx_intro0039",
				"ryx_intro0040",
				"ryx_intro0041",
				"ryx_intro0042",
				"ryx_intro0043",
				"ryx_intro0044",
				"ryx_intro0045",
				"ryx_intro0046",
				"ryx_intro0047",
				"ryx_intro0048",
				"ryx_intro0049",
				"ryx_intro0050",
				"ryx_intro0051",
				"ryx_intro0052",
				"ryx_intro0053",
				"ryx_intro0054",
				"ryx_intro0055",
				"ryx_intro0056",
				"ryx_intro0057",
				"ryx_intro0058",
				"ryx_intro0059",
				"ryx_intro0060",
				"ryx_intro0061",
				"ryx_intro0062",
				"ryx_intro0063",
				"ryx_intro0064",
				"ryx_intro0065",
				"ryx_intro0066",
				"ryx_intro0067",
				"ryx_intro0068",
				"ryx_intro0069",
				"ryx_intro0070",
				"ryx_intro0071",
				"ryx_intro0072",
				"ryx_intro0073",
				"ryx_intro0074",
				"ryx_intro0075",
				"ryx_intro0076",
				"ryx_intro0077",
				"ryx_intro0078",
				"ryx_intro0079",
				"ryx_intro0080",
				"ryx_intro0081",
				"ryx_intro0082",
				"ryx_intro0083",
				"ryx_intro0084",
				"ryx_intro0085",
				"ryx_intro0086",
				"ryx_intro0087",
				"ryx_intro0088",
				"ryx_intro0089",
				"ryx_intro0090",
				"ryx_intro0091",
				"ryx_intro0092",
				"ryx_intro0093",
				"ryx_intro0094",
				"ryx_intro0095",
				"ryx_intro0096",
				"ryx_intro0097",
				"ryx_intro0098",
				"ryx_intro0099",
				"ryx_intro0100",
				"ryx_intro0101",
				"ryx_intro0102",
				"ryx_intro0103",
				"ryx_intro0104",
				"ryx_intro0105",
				"ryx_intro0106",
				"ryx_intro0107",
				"ryx_intro0108",
				"ryx_intro0109",
				"ryx_intro0110",
				"ryx_intro0111",
				"ryx_intro0112",
				"ryx_intro0113",
				"ryx_intro0114",
				"ryx_intro0115",
				"ryx_intro0116",
				"ryx_intro0117",
				"ryx_intro0118",
				"ryx_intro0119",
				"ryx_intro0120",
				"ryx_intro0121",
				"ryx_intro0122",
				"ryx_intro0123",
				"ryx_intro0124",
				"ryx_intro0125",
				"ryx_intro0126",
				"ryx_intro0127",
				"ryx_intro0128",
				"ryx_intro0129"
	]

},
"meta": {
	"app": "Adobe Animate",
	"version": "20.0.2.22168",
	"image": "ryx_intro.jpg",
	"format": "RGB888x",
	"size": {"w":4096,"h":4096},
	"scale": "1"
}
}
