﻿{"frames": {

"explosion_a0000":
{
	"frame": {"x":0,"y":0,"w":97,"h":97},
	"rotated": false,
	"trimmed": true,
	"spriteSourceSize": {"x":61,"y":66,"w":218,"h":238},
	"sourceSize": {"w":218,"h":238}
},
"explosion_a0001":
{
	"frame": {"x":0,"y":0,"w":97,"h":97},
	"rotated": false,
	"trimmed": true,
	"spriteSourceSize": {"x":61,"y":66,"w":218,"h":238},
	"sourceSize": {"w":218,"h":238}
},
"explosion_a0002":
{
	"frame": {"x":97,"y":0,"w":214,"h":227},
	"rotated": false,
	"trimmed": true,
	"spriteSourceSize": {"x":0,"y":0,"w":218,"h":238},
	"sourceSize": {"w":218,"h":238}
},
"explosion_a0003":
{
	"frame": {"x":97,"y":0,"w":214,"h":227},
	"rotated": false,
	"trimmed": true,
	"spriteSourceSize": {"x":0,"y":0,"w":218,"h":238},
	"sourceSize": {"w":218,"h":238}
},
"explosion_a0004":
{
	"frame": {"x":311,"y":0,"w":199,"h":224},
	"rotated": false,
	"trimmed": true,
	"spriteSourceSize": {"x":19,"y":14,"w":218,"h":238},
	"sourceSize": {"w":218,"h":238}
},
"explosion_a0005":
{
	"frame": {"x":311,"y":0,"w":199,"h":224},
	"rotated": false,
	"trimmed": true,
	"spriteSourceSize": {"x":19,"y":14,"w":218,"h":238},
	"sourceSize": {"w":218,"h":238}
},
"explosion_a0006":
{
	"frame": {"x":0,"y":227,"w":106,"h":84},
	"rotated": false,
	"trimmed": true,
	"spriteSourceSize": {"x":53,"y":70,"w":218,"h":238},
	"sourceSize": {"w":218,"h":238}
},
"explosion_a0007":
{
	"frame": {"x":0,"y":227,"w":106,"h":84},
	"rotated": false,
	"trimmed": true,
	"spriteSourceSize": {"x":53,"y":70,"w":218,"h":238},
	"sourceSize": {"w":218,"h":238}
},
"explosion_a0008":
{
	"frame": {"x":106,"y":227,"w":66,"h":75},
	"rotated": false,
	"trimmed": true,
	"spriteSourceSize": {"x":68,"y":74,"w":218,"h":238},
	"sourceSize": {"w":218,"h":238}
},
"explosion_a0009":
{
	"frame": {"x":106,"y":227,"w":66,"h":75},
	"rotated": false,
	"trimmed": true,
	"spriteSourceSize": {"x":68,"y":74,"w":218,"h":238},
	"sourceSize": {"w":218,"h":238}
},
"explosion_a0010":
{
	"frame": {"x":172,"y":227,"w":34,"h":48},
	"rotated": false,
	"trimmed": true,
	"spriteSourceSize": {"x":85,"y":87,"w":218,"h":238},
	"sourceSize": {"w":218,"h":238}
}},

"animations":{
	"explosion_a":[
					"explosion_a0000",
					"explosion_a0001",
					"explosion_a0002",
					"explosion_a0003",
					"explosion_a0004",
					"explosion_a0005",
					"explosion_a0006",
					"explosion_a0007",
					"explosion_a0008",
					"explosion_a0009",
					"explosion_a0010"
	]
},



"meta": {
	"app": "Adobe Animate",
	"version": "20.0.2.22168",
	"image": "explosion_a.png",
	"format": "RGBA8888",
	"size": {"w":512,"h":512},
	"scale": "1"
}
}
